<?xml version="1.0" encoding="utf-8"?>
<eml:eml xmlns:eml="eml://ecoinformatics.org/eml-2.1.1" xmlns:xsi="http://www.w3.org/2001/XMLSchema-instance"
         xsi:schemaLocation="eml://ecoinformatics.org/eml-2.1.1 http://rs.gbif.org/schema/eml-gbif-profile/1.1/eml.xsd"
        packageId="31cc8b55-0455-4faa-aa50-e135d1dcacf0"  system="http://gbif.org" scope="system"
  xml:lang="en">

<dataset>
      <alternateIdentifier>10.15468/ta8mxc</alternateIdentifier>
        <alternateIdentifier>https://collections.ala.org.au/public/show/dr2383</alternateIdentifier>
        <alternateIdentifier>7481ed7a-d918-3c06-81d3-2e2229fd2845</alternateIdentifier>
        <alternateIdentifier>http://collections.ala.org.au/public/show/dr2383</alternateIdentifier>
        <alternateIdentifier>31cc8b55-0455-4faa-aa50-e135d1dcacf0</alternateIdentifier>
        <alternateIdentifier>e442ac7a-b423-353d-a6ad-72fb8aa20759</alternateIdentifier>
        <alternateIdentifier>338b7851-e934-32f6-a377-7ed5e2048961</alternateIdentifier>
    <title>SharkBase</title>
    <creator>
<organizationName>SharkBase</organizationName>    </creator>
    <metadataProvider>
<organizationName>SharkBase</organizationName>    </metadataProvider>
    <associatedParty>
<organizationName>Atlas of Living Australia</organizationName>    <address>
<deliveryPoint>CSIRO Ecosystems Services</deliveryPoint><city>Canberra</city><administrativeArea>ACT</administrativeArea><postalCode>2601</postalCode><country>AUSTRALIA</country>    </address>
    <role>DISTRIBUTOR</role>
    </associatedParty>
      <pubDate>
      2019-09-26
      </pubDate>
    <language>ENGLISH</language>
    <abstract>
        <para>SharkBase is a global shark* encounter database helping to map the distribution and structure of shark* populations worldwide. Please get involved and become a Citizen Shark Scientist by submitting your past, present, and future shark* encounters to SharkBase. Even if you have never seen a shark in the wild, you can still contribute to SharkBase by submitting sightings that you see in the news or on the internet. For more information, watch the video below and check out the links at the top of the page.

(*Includes all sharks, rays, and chimaeras)</para>
    </abstract>
      <intellectualRights>
        <para>This work is licensed under a <ulink url="http://creativecommons.org/licenses/by-nc/4.0/legalcode"><citetitle>Creative Commons Attribution Non Commercial (CC-BY-NC) 4.0 License</citetitle></ulink>.</para>
      </intellectualRights>
      <distribution scope="document">
          <online>
              <url function="information">https://collections.ala.org.au/public/show/dr2383</url>
          </online>
      </distribution>
      <contact>
<organizationName>Atlas of Living Australia</organizationName>    <address>
<deliveryPoint>CSIRO Ecosystems Services</deliveryPoint><city>Canberra</city><administrativeArea>ACT</administrativeArea><postalCode>2601</postalCode><country>AUSTRALIA</country>    </address>
      </contact>
      <methods>
      </methods>

</dataset>

<additionalMetadata>
    <metadata>
      <gbif>
        <dateStamp>2022-05-07T05:59:10Z</dateStamp>
      <citation>Atlas of Living Australia (2019). SharkBase. Occurrence dataset https://doi.org/10.15468/ta8mxc accessed via GBIF.org on 2022-05-07.</citation>
      </gbif>
    </metadata>
</additionalMetadata>

</eml:eml>
