<?xml version="1.0" encoding="utf-8"?>
<eml:eml xmlns:eml="eml://ecoinformatics.org/eml-2.1.1" xmlns:xsi="http://www.w3.org/2001/XMLSchema-instance"
         xsi:schemaLocation="eml://ecoinformatics.org/eml-2.1.1 http://rs.gbif.org/schema/eml-gbif-profile/1.1/eml.xsd"
        packageId="10.15468/dl.xnht6r"  system="http://gbif.org" scope="system"
  xml:lang="en">

<dataset>
        <alternateIdentifier>0265029-210914110416597</alternateIdentifier>
    <title>GBIF Occurrence Download 10.15468/dl.xnht6r</title>
    <creator>
    <individualName>
          <surName>GBIF Download Service</surName>
    </individualName>
<electronicMailAddress>support@gbif.org</electronicMailAddress>    </creator>
    <metadataProvider>
    <individualName>
          <surName>GBIF Download Service</surName>
    </individualName>
<electronicMailAddress>support@gbif.org</electronicMailAddress>    </metadataProvider>
      <pubDate>
      2022-05-05
      </pubDate>
    <language>ENGLISH</language>
    <abstract>
        <para>A dataset containing all occurrences available in GBIF matching the query:
{
  &quot;and&quot; : [
    &quot;TaxonKey is Sphyrna lewini (Griffith &amp; Smith, 1834)&quot;,
    &quot;Country is Australia&quot;,
    &quot;OccurrenceStatus is Present&quot;,
    &quot;HasCoordinate is true&quot;
  ]
}
The dataset includes records from the following constituent datasets. The full metadata for each constituent is also included in this archive:
1 records from ALA species sightings and OzAtlas
1 records from Earth Guardians Weekly Feed
1 records from WildNet - Queensland Wildlife Data
1 records from Fauna Atlas N.T.
2 records from European Molecular Biology Laboratory Australian Mirror
2 records from INSDC Sequences
2 records from International Barcode of Life project (iBOL)
2 records from SharkBase
3 records from Lizard Island Research Station
4 records from Museums Victoria provider for OZCAM
5 records from CSIRO, Cruises, Vertebrate and Invertebrate Fishery Bycatch, North Australia, 1997
5 records from CSIRO, Fish Survey, Albatross Bay - Gulf of Capentaria, North Australia, 1986-1988
5 records from CSIRO Ichthyology provider for OZCAM
5 records from Pelagic fish food web linkages, Queensland, Australia (2003-2005)
5 records from WAMSI Node 3.2.1 - Diversity, abundance and habitat utilisation of sharks and rays, Ningaloo Marine Park, Western Australia (2007-2009) - longline data
6 records from IMOS - Animal Tracking Facility - Acoustic Tracking - Quality Controlled Detections (2007 -2021)
6 records from Western Australian Museum provider for OZCAM
8 records from CSIRO, fish surveys by the Soela, 1980s
10 records from iNaturalist Research-grade Observations
11 records from Northern Territory Museum and Art Gallery provider for OZCAM
15 records from CSIRO, fish surveys by the Courageous, 1978-1979
16 records from Queensland Museum provider for OZCAM
24 records from CSIRO, North West Shelf Demersal Marine Resources Study 1980-1997
25 records from North Marine Region demersal fish and invertebrate collection records (DEW collation), Australia (1980 - 1997)
32 records from Diversity of the Indo-Pacific (DIPnet)
42 records from Australian Museum provider for OZCAM
105 records from CSIRO, Rachel Cruises, Shark Data, Arafura Sea, North Australia, 1984
117 records from Central Great Barrier Reef shark nursery area survey (NERP TE 6.2, JCU), Australia (2011-2014)
146 records from CSIRO, Soviet Fishery Data, Australia, 1965-1978
548 records from Bureau of Rural Sciences, Commercial Fisheries Presence, Australia, 2000-2002</para>
    </abstract>
      <contact>
    <individualName>
          <surName>GBIF Download Service</surName>
    </individualName>
<electronicMailAddress>support@gbif.org</electronicMailAddress>      </contact>

</dataset>

<additionalMetadata>
    <metadata>
      <gbif>
        <dateStamp>2022-05-05T04:38:15Z</dateStamp>
      <citation identifier="10.15468/dl.xnht6r">GBIF Occurrence Download 10.15468/dl.xnht6r</citation>
              <physical>
                  <objectName>Darwin Core Archive</objectName>
                  <characterEncoding>UTF-8</characterEncoding>
                  <dataFormat>
                      <externallyDefinedFormat>
                          <formatName>Darwin Core Archive</formatName>
                      </externallyDefinedFormat>
                  </dataFormat>
                  <distribution>
                      <online>
                          <url function="download">https://api.gbif.org/v1/occurrence/download/request/0265029-210914110416597.zip</url>
                      </online>
                  </distribution>
              </physical>
      </gbif>
    </metadata>
</additionalMetadata>

</eml:eml>
